case_id,expected_classification,description,player_input
1,COMMITTING_TO_CORRECT_MODEL,Player understands child wants the cone without ice cream,"I'll offer the child just the empty cone"
2,COMMITTING_TO_CORRECT_MODEL,Player demonstrates clear grasp of the solution,"The child wants the cone, not the ice cream - I'll give them the cone after removing the ice cream"
3,COMMITTING_TO_CORRECT_MODEL,Player correctly identifies the core issue,"I should give the child the cone separately and keep the ice cream"
4,COMMITTING_TO_CORRECT_MODEL,Player shows understanding through correct action,"I'll eat the ice cream myself and then give the child the empty cone"
5,COMMITTING_TO_CORRECT_MODEL,Player explicitly states the solution,"Let me remove the ice cream from the cone and give the child just the cone"
6,SOME_UNDERSTANDING,Player shows awareness but uncertain about execution,"Maybe the child wants just the cone?"
7,SOME_UNDERSTANDING,Player partially grasps concept but remains vague,"Could it be something about the cone itself?"
8,SOME_UNDERSTANDING,Player identifies possibility but doesn't commit,"What if they don't actually want the ice cream?"
9,SOME_UNDERSTANDING,Player asks clarifying question,"Does the child want the cone or the ice cream?"
10,SOME_UNDERSTANDING,Player hesitantly explores correct direction,"Perhaps I should separate the cone from the ice cream?"
11,SOME_UNDERSTANDING,Player shows incremental understanding,"The child seems to be looking at the cone, not the ice cream"
12,SOME_UNDERSTANDING,Player demonstrates partial grasp,"Maybe they want to play with the cone?"
13,NEUTRAL_ACTION,Player input is too ambiguous,"I observe the situation"
14,NEUTRAL_ACTION,Player action doesn't reveal strategy,"What's happening here?"
15,NEUTRAL_ACTION,Player makes vague observation,"The child is crying loudly"
16,NEUTRAL_ACTION,Player input is off-topic,"Is this an ice cream shop?"
17,COMMITTING_TO_INCORRECT_MODEL,Player offers ice cream thinking that's the solution,"I'll give the ice cream to the child so they stop crying"
18,COMMITTING_TO_INCORRECT_MODEL,Player tries different ice cream flavor,"Maybe the child wants a different flavor, I'll get them chocolate instead"
19,COMMITTING_TO_INCORRECT_MODEL,Player suggests sharing the ice cream,"I'll help the child eat the ice cream"
20,COMMITTING_TO_INCORRECT_MODEL,Player focuses on comforting without solving,"I'll comfort the child and tell them the ice cream is delicious"
21,COMMITTING_TO_INCORRECT_MODEL,Player misunderstands completely,"The child must be lactose intolerant, I'll get them dairy-free ice cream"
22,COMMITTING_TO_CORRECT_MODEL,Question demonstrating understanding,"Should I give the child just the cone without any ice cream?"
23,COMMITTING_TO_CORRECT_MODEL,Question showing grasp of solution,"Would it work to remove the ice cream and hand over the empty cone?"
24,SOME_UNDERSTANDING,Question with partial understanding,"Is the child interested in the cone itself?"
25,SOME_UNDERSTANDING,Question exploring correct direction,"Could the child want something other than the ice cream?"
26,NEUTRAL_ACTION,Generic question without revealing strategy,"What should I do to help?"
27,COMMITTING_TO_INCORRECT_MODEL,Question revealing incorrect model,"Should I convince the mother to give the child the ice cream?"
28,COMMITTING_TO_CORRECT_MODEL,Player identifies child wants to hold the cone,"The child wants to hold the cone, not eat the ice cream"
29,SOME_UNDERSTANDING,Player notices detail but uncertain,"The child keeps pointing at the cone not the ice cream, but I'm not sure what that means"
30,COMMITTING_TO_INCORRECT_MODEL,Player tries to distract from the problem,"I'll find a toy to distract the child from the ice cream"
